{
    "final_turn": {
        "clip-t": 0.300998724062564,
        "clip-t_oracle": 0.300998724062564
    }
}